YEAR;WUE;ID;Psummer;Tsummer;BAI
1900;65.84802297;1;NA;NA;890.4107616
1901;64.63177716;1;48.8333346;32.90000153;823.1109226
1902;63.62088934;1;54.56666819;33.40000121;813.6831617
1903;62.0016273;1;48.16666794;24.73333359;931.7833319
1904;71.57365013;1;38.03333314;15.06666692;1126.793318
1905;61.67915741;1;54.80000051;35.03333378;1053.578834
1906;71.66289645;1;25.5666672;14.33333361;1094.747368
1907;74.43113729;1;22.16666667;20.96666654;835.6392753
1908;66.85559007;1;66.33333524;25.43333435;1097.927597
1909;66.32635594;1;41.73333263;16.36666648;1099.566006
1910;67.25029821;1;41.80000178;20.00000095;811.1921414
1911;67.04806395;1;54.93333435;27.60000006;1076.240745
1912;69.58559871;1;46.46666718;32.46666749;937.9297052
1913;67.9742302;1;41.60000102;24.39999994;1032.493108
1914;70.82433749;1;50.06666756;30.76666768;542.2281524
1915;69.32179826;1;35.93333356;21.19999997;823.9722888
1916;68.54693641;1;29.76666673;26.53333314;969.5263805
1917;68.10558011;1;39.66666794;22.70000045;1033.976517
1918;69.25736883;1;23.06666708;13.93333387;787.1584595
1919;60.56963038;1;24.86666648;18.4333334;840.5327518
1920;59.82802361;1;41.43333371;23.63333384;1090.56726
1921;65.9548542;1;42.0333341;26.50000095;909.2663019
1922;64.67882982;1;44.39999962;22.96666686;901.7292578
1923;65.24725167;1;41.10000165;41.26666832;320.0096853
1924;62.62945243;1;15.50000032;14.23333359;418.444542
1925;61.69641138;1;49.76666768;35.30000051;757.2805262
1926;68.52626336;1;28.96666718;20.26666673;839.3086191
1927;65.29029816;1;56.43333562;35.0333341;462.1326277
1928;65.4141152;1;30.26666705;22.56666692;560.4560639
1929;58.37341725;1;45.2000014;20.00000032;664.4459856
1930;58.61815769;1;67.80000114;35.06666692;990.2452918
1931;59.32982873;1;44.70000203;36.43333467;933.6124402
1932;62.00552099;1;85.53333537;54.46666876;614.1055775
1933;64.27761698;1;53.80000178;29.43333371;880.7348725
1934;66.98475239;1;49.43333435;34.26666705;1004.238292
1935;68.63534268;1;47;35.13333352;748.1100982
1936;63.71038764;1;48.66666698;29.03333378;602.006464
1937;63.61842276;1;50.83333429;19.20000013;806.1641067
1938;67.70571211;1;30.7000014;21.73333391;811.4279633
1939;64.60038632;1;57.13333384;34.06666724;907.584554
1940;64.74351591;1;65.80000051;36.6000007;1248.963544
1941;61.03376548;1;66.60000102;44.10000102;1096.412134
1942;67.6383803;1;57.76666768;43.53333378;980.7934634
1943;66.52126892;1;42.66666794;37.46666813;1006.604792
1944;69.91857143;1;40.0333341;24.90000089;1065.736096
1945;67.99783419;1;51.69999949;42.23333263;303.2878488
1946;69.89149688;1;28.50000032;22.33333365;797.4405794
1947;64.57577055;1;37.46666781;29.40000057;943.7175267
1948;67.2322033;1;34.00000127;32.50000095;1153.847172
1949;66.38211176;1;43.46666718;29.20000013;1156.542219
1950;68.51399855;1;45;31.26666705;1151.089029
1951;60.82397464;1;59.90000025;38.20000045;1144.575695
1952;64.21761491;1;67.0333341;57.90000089;1527.901641
1953;69.4683423;1;62.46666908;19.13333384;1709.855359
1954;64.30728113;1;47.60000102;31.03333441;1282.409331
1955;68.22954147;1;53.26666705;31.89999994;1536.746912
1956;71.08957833;1;34.36666679;24.90000057;1232.253857
1957;74.37153411;1;45.70000076;15.73333359;1017.904246
1958;72.48362743;1;53.80000178;33.30000019;1429.367243
1959;65.71721042;1;58.10000102;37.63333448;1533.729672
1960;68.43145523;1;38.90000089;26.1666673;1374.560609
1961;74.21698836;1;45.30000051;33.40000025;962.8849669
1962;77.59547761;1;18.53333346;13.06666692;1016.56191
1963;64.36174262;1;68.16666794;40.16666794;1004.989099
1964;77.57575518;1;29.00000127;18.93333403;1322.07982
1965;70.62409693;1;25.03333378;20.96666718;948.7619849
1966;70.80655637;1;41.43333371;19.66666762;677.9915121
1967;72.82114342;1;34.26666705;24.03333378;797.7953763
1968;75.9306898;1;40.56666756;33.70000045;640.3193067
1969;72.28452632;1;38.33333524;19.56666724;635.3948769
1970;77.0257725;1;43.03333378;26.63333321;811.6018484
1971;71.26614137;1;55.76666641;29.39999994;1192.30308
1972;70.09320472;1;51.60000038;31;1248.750521
1973;76.66515143;1;63.90000153;37.23333486;1560.594572
1974;72.92567219;1;53.43333435;40.5333341;1767.532938
1975;78.07362945;1;31.50000127;24.16666762;1567.019643
1976;73.0872181;1;58.06666819;54.53333473;957.6248892
1977;75.76803137;1;95.36666997;49.53333473;1243.420043
1978;76.52065567;1;36.13333416;16.46666654;1527.277347
1979;74.60375989;1;45.66666794;39.10000102;797.0979155
1980;72.81745428;1;44.46666781;26.43333403;893.914375
1981;66.50881087;1;38.56666692;32.63333321;955.7883176
1982;76.31513814;1;41.80000178;34.43333435;1400.258938
1983;77.99215426;1;85.13333766;77.53333759;969.1345825
1984;85.06633589;1;33.06666629;17.60000006;1072.87696
1985;86.5955307;1;38.6000007;27.26666705;1262.074856
1986;85.74190501;1;22.46666749;13.60000038;840.8757219
1987;78.67512066;1;50.1666673;31.73333359;967.2669424
1988;75.13987074;1;61.1666673;29.06666692;1851.761883
1989;79.76674631;1;30.76666705;28.56666724;1232.445374
1990;83.61259788;1;47.43333435;27.73333391;1610.188478
1991;84.58839447;1;18.4333334;15.46666686;1340.017483
1992;80.79306364;1;78.36667061;33.56666756;1396.654357
1993;81.57569706;1;37.70000013;26.10000038;1423.474128
1994;89.1627534;1;34.96666781;25.16666698;1036.555909
1995;79.48841048;1;39.5333341;23.26666705;720.5974498
1996;77.50337398;1;46.80000051;40.33333397;1123.207613
1997;80.34619751;1;96.8666687;71.36666838;557.0392855
1998;87.23039938;1;35.70000045;28.63333384;1099.175081
1999;78.49202258;1;44.26666832;39.06666819;935.6981258
2000;79.2619239;1;38.73333422;30.60000038;1119.315009
2001;81.93745082;1;36.46666781;35.93333435;890.8254718
2002;80.14672423;1;63.46666718;48.43333403;1006.400595
2003;86.11693316;1;26.96666813;22.13333416;1267.555563
2004;81.24971792;1;37.43333435;32.50000127;939.5523666
2005;84.10784646;1;21.13333416;15.70000045;858.9049843
2006;74.16577922;1;45.40000025;26.90000025;875.6845143
2007;76.61416514;1;39.50000032;25.13333384;1391.483323
2008;81.75366557;1;41.80000114;22.46666749;1164.08968
2009;90.27107404;1;26.26666768;20.96666718;1154.087811
2010;83.87974958;1;42.96666622;18.23333359;831.6258973
2011;83.28075879;1;38.0333341;26.73333359;1099.555681
2012;89.98962344;1;26.29999955;17.19999981;1182.210901
2013;83.53373138;1;53.59999975;26.96666654;417.2496638
2014;83.38950547;1;43.5333341;31.96666749;870.1624344
2015;88.70469034;1;63.06666565;37.56666629;1216.570646
2016;84.8299656;1;24.56666708;20.93333387;971.3783224
2017;84.43875831;1;60.23333486;32.83333397;531.5639474
2018;84.03060625;1;58.70000203;37.90000057;NA
2019;84.41917357;1;48.26666832;42.33333429;NA
2020;81.2883988;1;45.83333524;24.60000102;NA
1900;60.75080724;5;NA;NA;602.684779
1901;71.56112322;5;48.8333346;32.90000153;524.3643056
1902;75.63043164;5;54.56666819;33.40000121;606.5839449
1903;65.51396851;5;48.16666794;24.73333359;650.5717332
1904;65.87663741;5;38.03333314;15.06666692;830.5780821
1905;65.82159496;5;54.80000051;35.03333378;671.0999819
1906;67.07096548;5;25.5666672;14.33333361;675.5714107
1907;66.06663383;5;22.16666667;20.96666654;520.7965671
1908;60.71749772;5;66.33333524;25.43333435;689.5915971
1909;70.47230828;5;41.73333263;16.36666648;731.9466443
1910;60.68513257;5;41.80000178;20.00000095;585.9900336
1911;76.67405936;5;54.93333435;27.60000006;740.2618011
1912;71.33745214;5;46.46666718;32.46666749;582.3917471
1913;70.13842056;5;41.60000102;24.39999994;628.0408441
1914;52.31797017;5;50.06666756;30.76666768;232.7088037
1915;56.50674716;5;35.93333356;21.19999997;519.5383077
1916;74.31012853;5;29.76666673;26.53333314;629.9430001
1917;78.10350548;5;39.66666794;22.70000045;641.0854331
1918;54.18149316;5;23.06666708;13.93333387;511.7410565
1919;61.93210653;5;24.86666648;18.4333334;462.9074124
1920;71.19793248;5;41.43333371;23.63333384;675.1613941
1921;74.41257082;5;42.0333341;26.50000095;530.294191
1922;61.3277701;5;44.39999962;22.96666686;475.8621087
1923;66.9722148;5;41.10000165;41.26666832;371.591675
1924;72.33589307;5;15.50000032;14.23333359;297.1524234
1925;74.4845222;5;49.76666768;35.30000051;491.1354277
1926;65.55168528;5;28.96666718;20.26666673;556.1360132
1927;75.84954924;5;56.43333562;35.0333341;384.865565
1928;76.18980066;5;30.26666705;22.56666692;500.7570831
1929;69.08402178;5;45.2000014;20.00000032;399.8439201
1930;71.17916991;5;67.80000114;35.06666692;531.2791115
1931;64.77585655;5;44.70000203;36.43333467;551.2047286
1932;68.92833607;5;85.53333537;54.46666876;569.1527892
1933;59.46230618;5;53.80000178;29.43333371;607.0924674
1934;71.06191273;5;49.43333435;34.26666705;674.1968618
1935;77.29916744;5;47;35.13333352;382.3482874
1936;73.0606174;5;48.66666698;29.03333378;327.7576766
1937;60.43108602;5;50.83333429;19.20000013;401.6020246
1938;61.19746077;5;30.7000014;21.73333391;355.6638969
1939;64.03925851;5;57.13333384;34.06666724;564.8562526
1940;61.04153424;5;65.80000051;36.6000007;702.7668257
1941;73.97979858;5;66.60000102;44.10000102;634.9894049
1942;72.45019465;5;57.76666768;43.53333378;508.4691496
1943;63.38869672;5;42.66666794;37.46666813;336.0407858
1944;65.53319773;5;40.0333341;24.90000089;604.2080087
1945;78.05081741;5;51.69999949;42.23333263;139.7926986
1946;72.89291376;5;28.50000032;22.33333365;437.3217458
1947;77.99440142;5;37.46666781;29.40000057;334.847444
1948;60.9774703;5;34.00000127;32.50000095;595.7388685
1949;50.64508038;5;43.46666718;29.20000013;804.0318825
1950;77.63266098;5;45;31.26666705;619.429064
1951;65.42644069;5;59.90000025;38.20000045;654.1021352
1952;65.95073673;5;67.0333341;57.90000089;959.697905
1953;68.21959182;5;62.46666908;19.13333384;1084.45183
1954;69.8554421;5;47.60000102;31.03333441;848.8413375
1955;67.29885527;5;53.26666705;31.89999994;1018.523381
1956;73.91405699;5;34.36666679;24.90000057;905.5841758
1957;68.7288029;5;45.70000076;15.73333359;834.2997373
1958;53.7187415;5;53.80000178;33.30000019;1261.411133
1959;55.15255096;5;58.10000102;37.63333448;1351.288608
1960;57.65718735;5;38.90000089;26.1666673;1125.143888
1961;61.72687688;5;45.30000051;33.40000025;1272.60051
1962;61.55067917;5;18.53333346;13.06666692;925.706011
1963;57.36880003;5;68.16666794;40.16666794;849.4338682
1964;70.63072748;5;29.00000127;18.93333403;1331.187301
1965;74.05298262;5;25.03333378;20.96666718;1023.594256
1966;71.83977036;5;41.43333371;19.66666762;671.9342918
1967;68.05574159;5;34.26666705;24.03333378;771.8084347
1968;73.79728775;5;40.56666756;33.70000045;699.7001759
1969;75.24422582;5;38.33333524;19.56666724;910.8708126
1970;72.79915093;5;43.03333378;26.63333321;1007.616295
1971;70.71623525;5;55.76666641;29.39999994;963.4560074
1972;68.86086828;5;51.60000038;31;1049.249739
1973;67.78634098;5;63.90000153;37.23333486;1359.386345
1974;63.72211154;5;53.43333435;40.5333341;1198.823641
1975;63.62867938;5;31.50000127;24.16666762;1117.839354
1976;52.52065566;5;58.06666819;54.53333473;717.2168057
1977;78.20460882;5;95.36666997;49.53333473;834.1749354
1978;82.48016972;5;36.13333416;16.46666654;1057.514612
1979;75.17541645;5;45.66666794;39.10000102;430.4595775
1980;41.86961363;5;44.46666781;26.43333403;463.2820263
1981;59.19297314;5;38.56666692;32.63333321;606.1657612
1982;49.53127684;5;41.80000178;34.43333435;828.6127993
1983;69.67948958;5;85.13333766;77.53333759;801.4370651
1984;63.05438312;5;33.06666629;17.60000006;894.1406274
1985;70.31107175;5;38.6000007;27.26666705;960.8481442
1986;74.00349438;5;22.46666749;13.60000038;827.3134862
1987;75.11150305;5;50.1666673;31.73333359;491.9106949
1988;74.31682647;5;61.1666673;29.06666692;1235.8221
1989;77.1188224;5;30.76666705;28.56666724;1001.363296
1990;79.92909882;5;47.43333435;27.73333391;1106.982382
1991;86.14958618;5;18.4333334;15.46666686;1108.307195
1992;80.20558864;5;78.36667061;33.56666756;824.2375461
1993;79.88763291;5;37.70000013;26.10000038;919.9430834
1994;76.85750682;5;34.96666781;25.16666698;829.8396615
1995;78.93020917;5;39.5333341;23.26666705;248.4816389
1996;70.62468399;5;46.80000051;40.33333397;411.3150125
1997;86.49808879;5;96.8666687;71.36666838;241.4662595
1998;63.33188846;5;35.70000045;28.63333384;621.8886662
1999;73.46648134;5;44.26666832;39.06666819;758.5009577
2000;54.42782169;5;38.73333422;30.60000038;902.5573976
2001;84.11834915;5;36.46666781;35.93333435;703.6241573
2002;81.64857828;5;63.46666718;48.43333403;768.2145941
2003;81.5429793;5;26.96666813;22.13333416;1027.493317
2004;72.73726446;5;37.43333435;32.50000127;714.0579982
2005;76.97899986;5;21.13333416;15.70000045;820.8191498
2006;85.01578647;5;45.40000025;26.90000025;598.1728063
2007;83.27682109;5;39.50000032;25.13333384;894.6727099
2008;82.23318089;5;41.80000114;22.46666749;968.5785579
2009;83.78142076;5;26.26666768;20.96666718;767.0230791
2010;62.47131145;5;42.96666622;18.23333359;414.0778454
2011;67.52275601;5;38.0333341;26.73333359;683.377539
2012;90.20647366;5;26.29999955;17.19999981;803.0862357
2013;55.37504256;5;53.59999975;26.96666654;284.6794253
2014;75.07362904;5;43.5333341;31.96666749;608.0268117
2015;87.92426625;5;63.06666565;37.56666629;866.1988346
2016;66.80483602;5;24.56666708;20.93333387;631.1740033
2017;63.98776525;5;60.23333486;32.83333397;199.8493318
2018;95.10367664;5;58.70000203;37.90000057;NA
2019;66.51081098;5;48.26666832;42.33333429;NA
2020;69.28997552;5;45.83333524;24.60000102;NA
1900;64.74748573;2;NA;NA;358.6057785
1901;60.75318379;2;60.40000153;46.03333441;346.5092263
1902;66.71792024;2;62.36666743;42.63333416;244.012429
1903;63.92089785;2;52.56666819;30.63333352;169.036965
1904;62.49833938;2;41.0333341;20.83333429;394.7419117
1905;58.29960688;2;58.43333562;41.5333341;304.8922729
1906;64.49907983;2;29.30000043;14.93333395;256.5918891
1907;63.14693975;2;34.9333334;34.5666666;242.1463028
1908;65.34312275;2;69.4000028;31.20000076;319.555323
1909;67.62527831;2;46.53333473;25.4333334;424.4227321
1910;66.81843207;2;46.40000089;24.66666698;461.3077259
1911;72.65608986;2;68.50000254;33.33333429;483.8090599
1912;66.09729598;2;55.76666896;46.00000191;326.5814236
1913;68.94871434;2;45.63333321;30.90000025;411.6663076
1914;76.04270812;2;75.20000331;46.66666857;158.2666546
1915;66.36196298;2;31.89999994;17.60000038;337.3222497
1916;61.37391748;2;41.43333403;29.43333371;428.914787
1917;63.68847941;2;50.5333341;29.30000083;510.8587058
1918;73.16842951;2;31.96666749;18.30000019;516.7122643
1919;71.82910518;2;24.83333333;20.4333334;450.2002993
1920;65.87307336;2;30.13333321;20.83333333;586.9798951
1921;73.06721567;2;46.40000089;32.73333391;520.9842228
1922;75.8559449;2;47.56666724;28.16666667;311.6276175
1923;65.75814398;2;43.23333581;43.56666915;147.8959841
1924;80.103375;2;24.0333341;17.90000025;210.3245963
1925;75.91095376;2;62.70000076;47.00000095;212.3676602
1926;81.0788998;2;29.73333391;20.36666743;293.8639428
1927;70.68289634;2;64.40000153;46.76666673;244.0519146
1928;82.75391826;2;32.60000102;24.73333359;282.9369811
1929;68.70325324;2;49.93333499;29.36666679;153.6733781
1930;59.43200202;2;69.53333473;49.766668;414.1005393
1931;68.42807823;2;60.3666687;46.50000127;574.1265795
1932;67.06391195;2;99.80000051;66.86666775;481.1963577
1933;67.66936418;2;60.63333511;35.40000089;450.4107222
1934;74.10385188;2;61.73333359;47.76666737;685.1525896
1935;74.11351655;2;69.70000203;54.23333454;512.6411181
1936;68.92771235;2;46.7000014;26.79999987;390.4105487
1937;66.48675475;2;57.43333403;22.16666698;544.2734228
1938;75.69214645;2;32.06666756;25.90000025;471.7364636
1939;73.91289571;2;64.46666972;41.6333348;662.6314494
1940;71.93504038;2;68.63333511;44.03333378;767.2917197
1941;72.75908144;2;79.50000254;57.96666781;646.6311451
1942;67.51098966;2;69.96666718;54.33333333;641.2857054
1943;76.49646528;2;42.89999962;39.53333346;555.8251148
1944;83.84466299;2;57.4000028;47.93333562;505.7309896
1945;73.80990349;2;69.73333486;62.06666819;116.3265091
1946;76.84137116;2;39.43333467;30.70000108;338.1142699
1947;67.71166721;2;46.63333448;32.00000127;140.8036233
1948;68.67115153;2;43.60000038;41.36666711;440.2117357
1949;73.24258189;2;38.76666705;29.70000076;552.0721124
1950;71.97701345;2;50.16666667;33.16666667;609.3825833
1951;69.1977331;2;68.73333486;46.36666775;848.1218397
1952;65.06540637;2;79.13333511;65.7000014;914.9083108
1953;64.04717861;2;56.43333371;19.46666718;1080.090188
1954;67.96831278;2;65.66666857;50.16666826;888.4588259
1955;67.47182939;2;55.3333346;38.43333371;1094.234796
1956;68.72972689;2;49.43333499;43.70000172;901.5300354
1957;66.6970529;2;49.19999949;18.66666667;853.4413566
1958;69.56515333;2;60.26666959;40.23333486;894.8205465
1959;75.54399407;2;77.86666743;55.96666749;826.9267862
1960;71.17933688;2;49.26666768;37.76666768;784.8759823
1961;66.48188584;2;48.93333371;34.13333321;770.0850029
1962;77.14088124;2;18.10000038;15.5;605.8286381
1963;72.00905637;2;72.63333511;47.13333352;331.8128749
1964;68.54099641;2;34.73333422;26.33333365;1036.973803
1965;73.51311917;2;36.23333422;32.90000057;864.651319
1966;74.4119678;2;46.83333333;20.46666718;1071.122543
1967;70.50058092;2;43.60000102;35.46666686;967.5023858
1968;78.72123647;2;41.80000114;38.93333435;582.206984
1969;73.40289302;2;41.53333346;23.26666737;808.188956
1970;76.72040508;2;51.53333346;40.26666673;1012.312742
1971;74.18906983;2;83.86666997;54.96666845;984.0751814
1972;68.69454577;2;64.76666896;46.20000172;773.9045496
1973;77.41486034;2;68.4000028;48.63333511;876.4789365
1974;79.30853665;2;52.93333435;37.00000095;1029.440856
1975;81.23460707;2;42.86666791;31.06666835;1055.090888
1976;74.29077808;2;77.73333359;75.63333321;1230.099949
1977;78.97563135;2;115.3333359;69.6666673;1170.979864
1978;74.81883691;2;48.90000089;25.16666698;1339.163946
1979;73.40343841;2;50.10000102;43.30000019;815.6415662
1980;79.47207839;2;50.06666692;37.63333321;810.9127381
1981;75.66882614;2;57.00000127;51.76666768;585.5437673
1982;75.72635977;2;39.43333308;31.83333333;889.4545965
1983;77.34601241;2;114.8000043;104.8666712;1400.859362
1984;83.08801522;2;45.66666762;27.83333397;965.8740769
1985;86.9456879;2;35.73333295;29.26666673;1061.813383
1986;96.55571453;2;22.30000035;18.66666714;732.7175513
1987;91.28266282;2;58.00000254;34.50000095;811.5043978
1988;79.89619424;2;73.00000127;42.20000172;1514.201973
1989;84.22013564;2;38.26666705;37.23333359;1365.54853
1990;92.06707211;2;47.36666679;29.46666749;1324.535065
1991;91.75985474;2;18.56666724;16.1000007;1043.2993
1992;84.5909482;2;102.2666696;55.66666667;1193.148799
1993;78.57373525;2;75.23333486;57.13333352;1336.137755
1994;88.29520512;2;38.56666819;31.30000114;1281.045376
1995;89.72152198;2;41.30000178;30.26666768;246.3559717
1996;77.8189947;2;63.73333613;56.03333537;273.7294554
1997;78.14289619;2;122.9333344;97.26666737;196.8215636
1998;72.18079297;2;43.43333371;33.63333416;566.5223654
1999;72.33914533;2;56.46666781;51.70000108;613.2445931
2000;80.33577045;2;41.76666768;38.90000089;646.0241958
2001;81.16122267;2;53.13333448;52.53333473;543.2512661
2002;78.14730586;2;66.46666718;51.6000007;614.139604
2003;86.36026757;2;50.9666659;43.53333282;672.6132788
2004;75.807452;2;44.8333346;41.06666756;306.3308988
2005;88.24768886;2;20.1000007;19.53333378;517.672648
2006;81.47102147;2;54.06666819;39.96666781;746.0515746
2007;78.83895726;2;56.00000127;40.43333435;925.6290187
2008;81.62272857;2;39.40000089;24.26666737;872.2975025
2009;81.95179743;2;34.10000038;29.10000038;871.244583
2010;79.7570375;2;46.93333435;20;419.5529861
2011;77.40782039;2;49.36666743;42.43333435;903.0021139
2012;87.02214519;2;28.13333384;19.79999987;1029.176553
2013;86.19031571;2;43.93333435;24.46666718;663.0382355
2014;82.32723821;2;40.96666654;32.79999987;843.7267933
2015;91.21252169;2;56.06666692;39.66666603;1090.396542
2016;92.47569594;2;29.30000051;22.86666743;744.2036336
2017;92.24352102;2;53.20000076;38.63333384;134.6529464
2018;94.66677748;2;67.73333359;41.33333333;NA
2019;NA;2;50.53333537;41.90000153;NA
2020;NA;2;58.96666908;43.23333518;NA
1900;71.28231298;6;NA;NA;311.0162426
1901;60.86437966;6;60.40000153;46.03333441;508.3768976
1902;62.10892917;6;62.36666743;42.63333416;562.9798164
1903;61.85783898;6;52.56666819;30.63333352;576.8163256
1904;63.3446163;6;41.0333341;20.83333429;552.1363862
1905;58.35048259;6;58.43333562;41.5333341;521.7685515
1906;70.61970932;6;29.30000043;14.93333395;394.249957
1907;68.74988743;6;34.9333334;34.5666666;343.9843484
1908;63.10252367;6;69.4000028;31.20000076;592.5507048
1909;59.48468408;6;46.53333473;25.4333334;648.9456772
1910;57.47473036;6;46.40000089;24.66666698;611.6957993
1911;60.99007929;6;68.50000254;33.33333429;689.5867801
1912;55.55936412;6;55.76666896;46.00000191;620.0240835
1913;61.59472892;6;45.63333321;30.90000025;596.2172629
1914;58.16022493;6;75.20000331;46.66666857;680.2678766
1915;57.7864807;6;31.89999994;17.60000038;667.8828894
1916;60.17865244;6;41.43333403;29.43333371;782.4296856
1917;69.51974237;6;50.5333341;29.30000083;603.1118707
1918;73.21105241;6;31.96666749;18.30000019;532.1612431
1919;67.96868708;6;24.83333333;20.4333334;622.2685007
1920;68.76126437;6;30.13333321;20.83333333;870.4161454
1921;72.35096831;6;46.40000089;32.73333391;787.3053117
1922;70.5613151;6;47.56666724;28.16666667;500.5344126
1923;74.62079402;6;43.23333581;43.56666915;681.7015807
1924;118.6696819;6;24.0333341;17.90000025;519.0624932
1925;71.30602446;6;62.70000076;47.00000095;538.0821814
1926;72.57573391;6;29.73333391;20.36666743;545.1113526
1927;66.88238686;6;64.40000153;46.76666673;341.3562722
1928;75.78477774;6;32.60000102;24.73333359;508.1891047
1929;69.30909665;6;49.93333499;29.36666679;547.8067503
1930;67.4828974;6;69.53333473;49.766668;814.640371
1931;67.38001983;6;60.3666687;46.50000127;806.4505956
1932;61.84088777;6;99.80000051;66.86666775;888.2845219
1933;62.99587573;6;60.63333511;35.40000089;787.6808004
1934;67.70237167;6;61.73333359;47.76666737;895.2592356
1935;68.24902728;6;69.70000203;54.23333454;720.2835706
1936;63.29776886;6;46.7000014;26.79999987;806.3891598
1937;68.19898239;6;57.43333403;22.16666698;849.9934939
1938;72.46224949;6;32.06666756;25.90000025;575.2954621
1939;68.51151161;6;64.46666972;41.6333348;1088.774752
1940;72.97332261;6;68.63333511;44.03333378;1167.089683
1941;66.68733829;6;79.50000254;57.96666781;817.1125898
1942;65.7386321;6;69.96666718;54.33333333;647.3283186
1943;69.56801258;6;42.89999962;39.53333346;723.0010785
1944;65.74034125;6;57.4000028;47.93333562;689.0082352
1945;70.32345907;6;69.73333486;62.06666819;184.6433169
1946;70.88562724;6;39.43333467;30.70000108;604.3246178
1947;69.42250005;6;46.63333448;32.00000127;525.3193778
1948;71.06717423;6;43.60000038;41.36666711;800.4559143
1949;69.37769125;6;38.76666705;29.70000076;857.4955459
1950;65.40866112;6;50.16666667;33.16666667;830.9626571
1951;66.46327149;6;68.73333486;46.36666775;982.1371402
1952;64.51871417;6;79.13333511;65.7000014;1333.174481
1953;67.46159579;6;56.43333371;19.46666718;1239.499326
1954;70.67557613;6;65.66666857;50.16666826;1028.955814
1955;79.46068907;6;55.3333346;38.43333371;741.7764192
1956;66.75982981;6;49.43333499;43.70000172;971.1785156
1957;69.34247808;6;49.19999949;18.66666667;1017.43631
1958;71.59089764;6;60.26666959;40.23333486;979.3344473
1959;69.39954166;6;77.86666743;55.96666749;1057.250322
1960;72.29745213;6;49.26666768;37.76666768;1144.871844
1961;66.1653929;6;48.93333371;34.13333321;1300.769679
1962;78.28226105;6;18.10000038;15.5;812.1708098
1963;66.22337518;6;72.63333511;47.13333352;808.6728901
1964;70.6533438;6;34.73333422;26.33333365;1317.241784
1965;76.27225952;6;36.23333422;32.90000057;780.5558106
1966;74.95454301;6;46.83333333;20.46666718;916.0656174
1967;73.47481853;6;43.60000102;35.46666686;890.6605909
1968;75.32347234;6;41.80000114;38.93333435;689.1764482
1969;73.06017149;6;41.53333346;23.26666737;860.1333218
1970;77.86886902;6;51.53333346;40.26666673;1104.087333
1971;73.04722205;6;83.86666997;54.96666845;1368.178782
1972;68.24951036;6;64.76666896;46.20000172;957.0385705
1973;74.61128225;6;68.4000028;48.63333511;1248.140034
1974;74.12135894;6;52.93333435;37.00000095;730.1978153
1975;70.99856625;6;42.86666791;31.06666835;787.2056844
1976;70.63252576;6;77.73333359;75.63333321;967.4692012
1977;72.98334833;6;115.3333359;69.6666673;1268.396232
1978;76.97428451;6;48.90000089;25.16666698;1479.809731
1979;70.65708114;6;50.10000102;43.30000019;667.078567
1980;79.24098247;6;50.06666692;37.63333321;740.9475247
1981;70.49131469;6;57.00000127;51.76666768;630.6804198
1982;78.55053685;6;39.43333308;31.83333333;845.7211713
1983;72.04957396;6;114.8000043;104.8666712;972.1585317
1984;88.4485787;6;45.66666762;27.83333397;795.1996752
1985;78.75611742;6;35.73333295;29.26666673;719.2578995
1986;80.39493503;6;22.30000035;18.66666714;509.2576324
1987;77.73618862;6;58.00000254;34.50000095;895.0982706
1988;75.97280479;6;73.00000127;42.20000172;1486.900668
1989;83.12450409;6;38.26666705;37.23333359;1252.496557
1990;82.75729601;6;47.36666679;29.46666749;1185.141435
1991;80.53675433;6;18.56666724;16.1000007;1155.258928
1992;76.20749223;6;102.2666696;55.66666667;1049.916769
1993;76.93109379;6;75.23333486;57.13333352;1319.411041
1994;86.39728608;6;38.56666819;31.30000114;1127.312018
1995;77.1770962;6;41.30000178;30.26666768;615.3285819
1996;69.48570562;6;63.73333613;56.03333537;682.696419
1997;67.21705526;6;122.9333344;97.26666737;770.7356041
1998;73.57052209;6;43.43333371;33.63333416;1742.616229
1999;76.63428081;6;56.46666781;51.70000108;655.3624435
2000;87.49754728;6;41.76666768;38.90000089;1012.461772
2001;78.17869056;6;53.13333448;52.53333473;808.288789
2002;84.78195275;6;66.46666718;51.6000007;1234.103934
2003;94.28957588;6;50.9666659;43.53333282;1266.505526
2004;87.47946956;6;44.8333346;41.06666756;537.2598273
2005;85.19543334;6;20.1000007;19.53333378;800.6201329
2006;84.95974525;6;54.06666819;39.96666781;690.5307792
2007;77.80345868;6;56.00000127;40.43333435;1055.358969
2008;83.72220244;6;39.40000089;24.26666737;1009.393932
2009;83.29172001;6;34.10000038;29.10000038;952.4374786
2010;81.9397601;6;46.93333435;20;892.042768
2011;79.26075095;6;49.36666743;42.43333435;1252.708679
2012;92.88704268;6;28.13333384;19.79999987;1338.884483
2013;93.63024302;6;43.93333435;24.46666718;525.8025705
2014;93.75339072;6;40.96666654;32.79999987;1036.926598
2015;91.91589469;6;56.06666692;39.66666603;1235.70896
2016;91.05556725;6;29.30000051;22.86666743;860.4401568
2017;93.3274731;6;53.20000076;38.63333384;428.4685929
2018;82.67108078;6;67.73333359;41.33333333;NA
2019;NA;6;50.53333537;41.90000153;NA
2020;NA;6;58.96666908;43.23333518;NA
1900;63.06250417;4;NA;NA;491.7326166
1901;63.96762496;4;69.76667023;51.13333543;575.9183663
1902;71.10714806;4;83.50000127;52.69999981;441.0250263
1903;74.55699135;4;54.30000178;32.26666737;394.526024
1904;75.92412923;4;54.36666679;23.83333397;595.6784149
1905;71.26370732;4;74.73333486;51.96666686;442.4586751
1906;68.25724927;4;30.83333429;25.23333391;541.2024861
1907;68.86350788;4;41.10000038;33.76666673;670.726916
1908;66.41380996;4;91.3666687;43.00000095;682.2847324
1909;70.56878596;4;66.46666718;30.96666686;439.6267025
1910;63.67829755;4;73.69999949;40.76666673;503.7441009
1911;73.37193437;4;61.06666692;30.33333429;697.6401136
1912;69.67729083;4;62.96666718;44.36666775;248.1730598
1913;69.954849;4;57.50000064;33.60000006;389.6150653
1914;65.58817101;4;75.40000025;56.09999975;207.2760282
1915;63.51304298;4;56.63333384;41.09999975;599.6289415
1916;68.65596586;4;32.60000038;28.46666718;510.2205508
1917;68.82939404;4;58.03333282;31.33333333;671.2013684
1918;73.89249272;4;35.93333435;25.70000045;585.0188245
1919;66.16628442;4;44.89999994;27.23333327;544.7960004
1920;65.01337664;4;60.79999924;33.83333302;505.3648596
1921;71.20522799;4;51.96666718;39.70000045;601.8208988
1922;62.30303163;4;70.06666946;36.73333454;732.0750973
1923;69.91215285;4;47.66666794;44.03333473;140.627702
1924;66.11346279;4;41.16666667;32.10000006;351.7742371
1925;63.30197466;4;60.73333486;51.06666819;657.6878004
1926;66.64588071;4;47.60000038;33.9333334;568.4916487
1927;67.06123738;4;81.10000229;45.53333505;754.9508035
1928;75.64990897;4;31.83333397;27.20000045;799.1072155
1929;60.30447428;4;57;21.80000019;397.4219492
1930;65.63035609;4;78.73333486;38.36666711;435.7431367
1931;67.23589945;4;47.5333341;40.63333352;491.1828601
1932;73.10930261;4;125.7333349;86.60000165;522.9060406
1933;76.40014297;4;69.66666857;32.66666698;514.0748261
1934;70.77716311;4;61.40000025;44.63333416;636.2627238
1935;75.60594547;4;68.13333384;53.9333334;828.9569107
1936;69.07649168;4;74.66666921;45.03333505;745.2232231
1937;70.23151212;4;56.50000127;31.60000038;692.1343276
1938;70.79360621;4;63;47.20000045;685.5430909
1939;71.50271444;4;90.60000102;58.33333492;813.0191371
1940;66.74824139;4;114.7333323;67.70000013;785.7109474
1941;74.84678297;4;92.43333689;69.66667016;795.1876635
1942;78.35424273;4;83.03333664;63.9333353;678.0294291
1943;70.77821712;4;81.86666743;72;972.6979654
1944;77.37830008;4;66.40000089;41.86666648;722.5198253
1945;69.95835297;4;87.53333664;75.43333689;249.7155821
1946;72.22330043;4;51.29999987;40.89999994;576.2842456
1947;78.33098433;4;52.66666794;46.50000095;477.5630998
1948;67.32534615;4;44.86666679;40.63333352;628.9599811
1949;78.19925307;4;68.5333341;49.80000019;845.5389168
1950;77.90065278;4;57.40000153;47.90000184;748.6972413
1951;70.27311704;4;85.73333613;56.50000191;861.8966524
1952;68.67020505;4;87.13333257;75.03333282;1120.370462
1953;69.02016735;4;88.03333537;26.5666666;811.8735017
1954;63.57746109;4;59.36666743;37.79999987;933.3262849
1955;74.55645125;4;94.43333689;55.16666921;836.0684146
1956;75.25163098;4;69.40000025;54.13333321;867.7566102
1957;71.37688607;4;71.70000299;23.16666667;783.6433361
1958;77.46298623;4;65.23333359;44.70000076;422.5452162
1959;70.64843625;4;75.86666743;51.73333359;891.8559933
1960;70.67639161;4;69.00000127;47.90000184;906.551616
1961;74.71016906;4;62.20000076;47.43333403;505.3775953
1962;80.10343078;4;33.1666673;26.26666737;931.9538342
1963;71.03037673;4;103.5333354;68.50000223;834.1416529
1964;78.37682371;4;43.59999911;23.19999981;900.3862929
1965;84.34942629;4;44.93333308;33.83333333;713.9491371
1966;76.87345701;4;66.96666718;42.93333403;930.8470409
1967;79.01462625;4;32.60000038;25.83333365;1150.891183
1968;79.27141878;4;90.86666743;71.13333352;642.7191941
1969;78.16946402;4;65.30000051;35.20000013;857.0887597
1970;77.47672616;4;64.96666654;37.0666666;908.2179156
1971;82.89232712;4;75.83333588;44.83333556;1454.374308
1972;79.51815908;4;98.56666819;59.26666832;1035.163184
1973;82.02505137;4;90.93333308;48.00000095;836.9510125
1974;81.05347068;4;85.23333486;69.66666762;1004.026015
1975;83.80131517;4;71.43333435;50.13333352;906.0055969
1976;79.05212588;4;72.53333346;70.46666654;848.044537
1977;78.83008679;4;117.5000051;63.8000021;508.5271837
1978;85.87334753;4;50.23333581;24.30000114;678.5049358
1979;80.64510873;4;51.43333308;37.26666609;698.3352991
1980;85.2204241;4;64.16666794;40.63333416;972.6047549
1981;78.346793;4;47.16666794;30.80000083;695.5777441
1982;80.68527422;4;83.90000153;74.33333492;1114.581642
1983;83.96977805;4;108.0333341;92.80000114;1499.189239
1984;87.59196111;4;37.80000019;26.10000006;829.6959928
1985;92.83769144;4;52.3333327;40.83333302;890.8296328
1986;87.87302008;4;31.56666692;20.96666718;902.9715796
1987;82.70770339;4;62.90000153;43.50000223;1068.523171
1988;90.26914177;4;79.60000356;32.1666673;1570.539564
1989;81.49160233;4;52.03333473;47.90000153;884.1436428
1990;87.42364288;4;64.13333384;36.53333346;1005.308906
1991;84.59813247;4;27.5333341;21.63333416;1140.55652
1992;82.04374552;4;101.2666677;51.33333556;980.6778763
1993;83.78858507;4;47.53333473;35.10000102;1123.668673
1994;87.67866219;4;39.2000014;29.66666794;1247.817173
1995;83.06848336;4;44.30000178;36.43333499;260.640447
1996;86.42983124;4;75.26666896;63.46666813;714.7076765
1997;80.20151206;4;133.6000061;85.36666965;273.3597887
1998;81.26523481;4;44.20000203;34.7000014;971.5775633
1999;77.80911233;4;62.66666794;51.93333467;1107.753521
2000;83.04548671;4;66.66666921;43.30000114;982.3622898
2001;87.18727469;4;62.06666819;53.36666775;1034.589439
2002;78.50433475;4;97.8666687;73.03333378;864.0472512
2003;95.3118602;4;44.96666813;33.60000134;1049.108222
2004;84.26927957;4;54.60000165;51.2000014;812.1349801
2005;87.31229766;4;38.90000089;31.46666718;813.1217445
2006;103.8434504;4;65.73333486;40.76666705;906.3594391
2007;90.97873516;4;54.96666781;37.76666641;1106.221177
2008;87.53138195;4;67.93333435;40.6666673;1131.318572
2009;94.96963779;4;43.66666794;34.26666768;1422.094716
2010;87.98076252;4;58.50000064;24.36666743;1092.04622
2011;85.40888501;4;50.00000191;30.66666762;1014.299552
2012;94.26443979;4;49.63333384;34.50000064;1687.558495
2013;90.79542457;4;82.86666743;47.26666641;1129.939656
2014;95.51060251;4;63.20000203;51.66666826;1103.109175
2015;101.8930271;4;97.93333435;66.93333371;1075.777276
2016;88.17112793;4;40.76666641;31.03333314;711.8748636
2017;88.10456781;4;91.63333639;50.63333321;450.9159177
2018;88.468133;4;80.76666768;55.99999968;NA
2019;95.28797653;4;68.06666692;55.40000057;NA
2020;93.24021203;4;64.43333562;32.63333416;NA
1900;64.70723524;8;NA;NA;631.5262339
1901;58.62353328;8;69.76667023;51.13333543;623.4495
1902;66.20128483;8;83.50000127;52.69999981;371.4198037
1903;68.30088814;8;54.30000178;32.26666737;509.5045486
1904;70.13808211;8;54.36666679;23.83333397;890.6794279
1905;70.63612617;8;74.73333486;51.96666686;760.5895423
1906;75.71121795;8;30.83333429;25.23333391;798.4424703
1907;71.323708;8;41.10000038;33.76666673;942.1248426
1908;73.16369831;8;91.3666687;43.00000095;650.3583804
1909;68.5475869;8;66.46666718;30.96666686;855.9805927
1910;67.66673406;8;73.69999949;40.76666673;1053.055279
1911;77.15713127;8;61.06666692;30.33333429;1239.000018
1912;73.07293698;8;62.96666718;44.36666775;440.1011971
1913;71.45795113;8;57.50000064;33.60000006;899.7747852
1914;69.23015322;8;75.40000025;56.09999975;370.5047502
1915;67.82370539;8;56.63333384;41.09999975;967.9906015
1916;68.59843312;8;32.60000038;28.46666718;1267.311639
1917;71.23302686;8;58.03333282;31.33333333;1415.925066
1918;72.62254646;8;35.93333435;25.70000045;910.6747995
1919;68.72363682;8;44.89999994;27.23333327;732.8155223
1920;70.28774434;8;60.79999924;33.83333302;880.7335703
1921;70.21608023;8;51.96666718;39.70000045;890.2682062
1922;68.45105641;8;70.06666946;36.73333454;803.2930986
1923;66.84286869;8;47.66666794;44.03333473;132.5647834
1924;69.52964897;8;41.16666667;32.10000006;426.0154654
1925;66.74306761;8;60.73333486;51.06666819;1113.888508
1926;71.30237897;8;47.60000038;33.9333334;832.8200703
1927;65.84410019;8;81.10000229;45.53333505;937.6235431
1928;75.96164914;8;31.83333397;27.20000045;955.6906967
1929;68.17123736;8;57;21.80000019;549.3387749
1930;60.83121448;8;78.73333486;38.36666711;842.0602995
1931;62.06535314;8;47.5333341;40.63333352;839.9333645
1932;63.51499498;8;125.7333349;86.60000165;1102.156203
1933;67.14819038;8;69.66666857;32.66666698;1191.682008
1934;66.66306117;8;61.40000025;44.63333416;1201.297076
1935;80.67306186;8;68.13333384;53.9333334;1229.189465
1936;66.51789009;8;74.66666921;45.03333505;852.8896256
1937;63.59542995;8;56.50000127;31.60000038;1259.763762
1938;67.01148506;8;63;47.20000045;1032.263316
1939;65.89471141;8;90.60000102;58.33333492;1346.833177
1940;65.01878915;8;114.7333323;67.70000013;1454.090452
1941;64.87528303;8;92.43333689;69.66667016;1238.286803
1942;64.52640698;8;83.03333664;63.9333353;1307.496736
1943;69.43991716;8;81.86666743;72;1532.674819
1944;69.13497575;8;66.40000089;41.86666648;1458.829665
1945;71.9702219;8;87.53333664;75.43333689;331.2846279
1946;71.83940639;8;51.29999987;40.89999994;968.6054671
1947;70.26020039;8;52.66666794;46.50000095;470.7843181
1948;67.42871852;8;44.86666679;40.63333352;687.7023756
1949;70.80594136;8;68.5333341;49.80000019;1166.454204
1950;74.07031576;8;57.40000153;47.90000184;859.5051191
1951;64.66518641;8;85.73333613;56.50000191;1138.906044
1952;64.71192631;8;87.13333257;75.03333282;1721.344148
1953;66.35639124;8;88.03333537;26.5666666;1740.67355
1954;58.47739504;8;59.36666743;37.79999987;1413.603657
1955;68.92803715;8;94.43333689;55.16666921;1440.606092
1956;64.8071489;8;69.40000025;54.13333321;1402.171919
1957;65.15578842;8;71.70000299;23.16666667;1032.771202
1958;64.55436771;8;65.23333359;44.70000076;1627.412356
1959;60.12129285;8;75.86666743;51.73333359;1840.382449
1960;63.02652793;8;69.00000127;47.90000184;1271.209759
1961;70.69652753;8;62.20000076;47.43333403;1159.797448
1962;76.05304455;8;33.1666673;26.26666737;1260.018849
1963;68.42014666;8;103.5333354;68.50000223;1383.872757
1964;74.39798913;8;43.59999911;23.19999981;1729.092134
1965;77.44436804;8;44.93333308;33.83333333;955.1173466
1966;77.10291861;8;66.96666718;42.93333403;629.0645966
1967;77.41490407;8;32.60000038;25.83333365;1016.420005
1968;74.48701859;8;90.86666743;71.13333352;619.0907092
1969;76.76568999;8;65.30000051;35.20000013;1035.472233
1970;78.48361997;8;64.96666654;37.0666666;1405.845211
1971;81.14756254;8;75.83333588;44.83333556;1651.778802
1972;78.77361568;8;98.56666819;59.26666832;1450.53747
1973;81.22637397;8;90.93333308;48.00000095;1661.254394
1974;81.21201396;8;85.23333486;69.66666762;1418.287374
1975;82.48985884;8;71.43333435;50.13333352;1197.151287
1976;77.49029391;8;72.53333346;70.46666654;773.2764884
1977;77.21973566;8;117.5000051;63.8000021;560.8098393
1978;75.40423664;8;50.23333581;24.30000114;878.8690571
1979;75.17602941;8;51.43333308;37.26666609;864.2529941
1980;78.05252443;8;64.16666794;40.63333416;941.8981627
1981;69.55958819;8;47.16666794;30.80000083;854.9174851
1982;74.66062275;8;83.90000153;74.33333492;1107.97936
1983;76.38634836;8;108.0333341;92.80000114;1260.308579
1984;84.60467553;8;37.80000019;26.10000006;1043.032406
1985;84.32051392;8;52.3333327;40.83333302;1481.710319
1986;82.89908364;8;31.56666692;20.96666718;1550.946244
1987;78.55818071;8;62.90000153;43.50000223;1364.787015
1988;83.38829647;8;79.60000356;32.1666673;1874.426047
1989;82.50494799;8;52.03333473;47.90000153;1356.303909
1990;79.74330085;8;64.13333384;36.53333346;1829.308548
1991;78.69356668;8;27.5333341;21.63333416;1479.235079
1992;78.95169783;8;101.2666677;51.33333556;1751.878226
1993;85.00872601;8;47.53333473;35.10000102;1856.81171
1994;86.71250175;8;39.2000014;29.66666794;1710.176109
1995;95.95748161;8;44.30000178;36.43333499;232.3766602
1996;80.37269794;8;75.26666896;63.46666813;1162.92666
1997;81.7213945;8;133.6000061;85.36666965;388.5454511
1998;82.08128711;8;44.20000203;34.7000014;1384.202472
1999;75.56110852;8;62.66666794;51.93333467;1721.86635
2000;79.32533392;8;66.66666921;43.30000114;1385.098564
2001;83.69764856;8;62.06666819;53.36666775;1811.876442
2002;78.05416094;8;97.8666687;73.03333378;1440.793994
2003;92.60888777;8;44.96666813;33.60000134;1654.518287
2004;85.81421905;8;54.60000165;51.2000014;879.2126269
2005;91.95530897;8;38.90000089;31.46666718;1115.088045
2006;91.66492786;8;65.73333486;40.76666705;1091.855582
2007;92.89461763;8;54.96666781;37.76666641;1774.330049
2008;85.27829153;8;67.93333435;40.6666673;1728.250674
2009;86.43740798;8;43.66666794;34.26666768;1463.402849
2010;82.42102383;8;58.50000064;24.36666743;1052.396514
2011;84.07571908;8;50.00000191;30.66666762;1466.73942
2012;97.31633271;8;49.63333384;34.50000064;2015.103802
2013;91.36836725;8;82.86666743;47.26666641;591.6074994
2014;84.80439543;8;63.20000203;51.66666826;794.3495926
2015;90.73735183;8;97.93333435;66.93333371;1362.167948
2016;87.50427905;8;40.76666641;31.03333314;958.3977669
2017;84.00584103;8;91.63333639;50.63333321;1055.546641
2018;91.12886703;8;80.76666768;55.99999968;NA
2019;84.07802831;8;68.06666692;55.40000057;NA
2020;85.78968391;8;64.43333562;32.63333416;NA
1900;71.07115411;7;NA;NA;433.5592879
1901;59.80307781;7;39.83333524;23.6666673;481.6643465
1902;60.63877832;7;41.90000025;26.73333359;364.3432748
1903;58.18331954;7;28.36666711;17.00000032;364.3342693
1904;67.2926099;7;33.56666724;14.23333327;556.5519979
1905;60.40632281;7;39.53333346;28.56666629;566.089931
1906;64.07719171;7;22.49999974;14.9;715.7600339
1907;67.69309784;7;18.26666705;17.46666718;635.7230313
1908;63.07900367;7;47.76666737;19.80000019;687.5840191
1909;64.82882793;7;27.10000102;12.80000019;660.9558355
1910;64.14550653;7;26.50000032;16.66666698;609.31307
1911;65.41217123;7;39.3333346;21.90000025;689.9091437
1912;70.59798416;7;28.76666673;20.00000032;511.2620097
1913;72.42951988;7;30.43333324;18.00000016;641.3257652
1914;66.1858075;7;39.6666673;23.5333341;169.2976214
1915;65.15707231;7;33.0333341;22.86666679;423.2083652
1916;58.00484675;7;14.66666683;16.80000035;603.4274883
1917;61.2035679;7;28.99999968;15.16666698;668.1451186
1918;67.13807113;7;14.79999987;13.26666641;484.0751596
1919;61.36963739;7;26.7000006;17.46666702;468.0392823
1920;56.19595902;7;36.23333295;21.16666667;683.7704009
1921;64.25466874;7;32.26666705;25;583.8724255
1922;57.11853781;7;40.10000102;20.56666692;597.5701631
1923;58.95279628;7;30.33333492;32.03333505;303.5739841
1924;61.24128705;7;12.80000051;12.43333371;353.6459745
1925;61.90470088;7;34.1666673;26.76666768;469.2001856
1926;60.65807969;7;21.83333365;17.23333359;332.0832508
1927;55.09895242;7;44.10000038;24.26666705;393.8030505
1928;69.41868758;7;24.13333384;21.50000064;444.2564391
1929;59.49434505;7;39.50000032;17.30000019;231.3750701
1930;67.25422368;7;49.20000045;20.26666673;386.1746631
1931;66.2198126;7;26.93333371;24.86666679;448.4704481
1932;59.37952601;7;63.9000028;42.43333467;422.460003
1933;67.9177066;7;49.90000025;23.20000076;485.9554205
1934;64.55114445;7;31.89999962;23.59999975;539.8533755
1935;71.16871335;7;32.56666692;26.03333346;424.0332295
1936;70.50874271;7;48.30000114;27.56666724;360.1592885
1937;69.47785728;7;38.36666807;17.46666718;522.0289777
1938;71.19805355;7;28.46666654;21.26666705;526.5160147
1939;70.52491291;7;54.26666705;30.36666775;520.2855821
1940;72.28325314;7;61.09999975;32.50000064;548.8464826
1941;72.36877352;7;51.36666743;34.86666679;556.7288308
1942;75.52073244;7;47.93333308;37.66666667;552.8764962
1943;72.69732275;7;37.63333321;36.13333321;333.3145807
1944;73.44750016;7;31.70000045;20.63333352;525.7718375
1945;66.03523844;7;41.43333371;33.60000038;177.3001356
1946;76.68450865;7;19.56666724;15.70000045;394.934931
1947;72.06651412;7;29.63333384;26.63333384;277.4320834
1948;56.84236456;7;21.16666667;20.80000051;444.6804599
1949;67.2430062;7;38.86666807;27.6666673;573.8736085
1950;78.25278565;7;34.96666781;29.06666692;445.311806
1951;70.79776963;7;45.30000051;29.60000038;378.4471894
1952;74.81687257;7;52.70000013;49.80000051;635.1289681
1953;72.65657347;7;49.66666857;15.43333371;688.4811187
1954;57.6807565;7;33.03333346;20.63333384;567.068504
1955;68.84320866;7;50.73333486;29.40000089;709.2347675
1956;72.28296703;7;28.33333365;23.70000013;592.6066482
1957;73.14062836;7;39.2000006;11.73333343;546.7354659
1958;72.77487858;7;41.83333397;27.93333435;669.0569054
1959;69.91721508;7;44.46666781;28.09999975;748.993577
1960;77.35514001;7;30.23333422;23.13333448;665.8962473
1961;73.28272662;7;36.30000051;30.26666705;622.7664028
1962;75.44518175;7;15.96666749;13.83333365;585.3850708
1963;65.74848267;7;51.80000051;32.20000076;563.3940853
1964;70.11116236;7;22.39999978;13.30000003;729.4446223
1965;74.49580012;7;17.73333359;15.43333371;546.1899618
1966;73.04868698;7;32.66666667;21.60000038;309.3288246
1967;76.03657074;7;17.63333384;15.00000032;311.6117528
1968;72.08621067;7;37.09999975;29.63333321;228.1505955
1969;63.76547274;7;34.43333371;18.53333346;388.6959119
1970;74.28895716;7;36.10000102;21.06666692;523.4949689
1971;75.4406266;7;42.93333499;24.90000025;476.3348115
1972;60.37810914;7;44.36666679;26.83333397;505.9331624
1973;61.93007177;7;53.80000114;27.83333397;673.2888148
1974;60.73283464;7;46.30000178;37.00000127;582.0353324
1975;61.87009045;7;30.30000114;23.33333397;568.5319799
1976;69.11111355;7;43.43333371;41.76666705;421.8874796
1977;70.15316611;7;68.30000114;35.40000025;240.5348722
1978;76.82070693;7;22.79999971;12.4666667;491.6512686
1979;74.73930898;7;34.79999987;28.86666679;240.9669164
1980;81.32103808;7;43.06666629;22.80000019;338.5953057
1981;73.79892182;7;28.1666673;23.50000064;300.1508436
1982;71.98772631;7;36.13333448;33.16666794;376.4126057
1983;79.22984734;7;60.60000229;55.10000165;375.7457267
1984;80.1962529;7;22.10000086;13.19999997;261.0132059
1985;73.46304745;7;29.36666791;21.46666765;328.2143939
1986;87.14628471;7;16.86666727;12.16666714;373.6534402
1987;76.60317835;7;35.23333327;27.73333327;159.6936196
1988;68.59101818;7;51.90000089;18.20000076;435.4423034
1989;67.16585043;7;25.93333371;26.06666756;555.7615615
1990;77.51382104;7;38.6666673;24.76666705;637.2925382
1991;82.83190376;7;14.20000013;13.29999987;601.1617906
1992;64.64019346;7;56.13333448;27.86666679;453.4464872
1993;80.54428363;7;21.96666702;16.56666676;553.761157
1994;78.44449152;7;21.43333308;18.36666679;453.6305502
1995;78.94590009;7;33.63333321;21.66666667;169.4702908
1996;73.5075987;7;33.93333435;30.86666743;251.2527489
1997;62.6325325;7;72.50000254;49.96666908;166.9077241
1998;77.38503535;7;26.20000076;22.50000127;440.1717933
1999;73.34484504;7;32.90000153;28.20000076;403.9962344
2000;87.37047197;7;26.6666673;21.46666718;493.8796737
2001;90.93971317;7;23.66666762;25.8333346;334.6320854
2002;76.24997181;7;53.63333257;41.03333282;346.246313
2003;85.07027756;7;27.5666674;21.99999984;490.8289963
2004;73.36073377;7;32.43333435;29.70000076;337.1201844
2005;86.25674804;7;24.03333314;16.9333334;394.7888318
2006;84.47142746;7;39.40000025;21.73333359;439.6886154
2007;80.20780847;7;29.60000086;18.86666727;536.9703075
2008;70.84703947;7;35.9333334;20.23333327;469.6465258
2009;64.87935326;7;20.59999975;18.13333321;480.2878509
2010;87.75863246;7;37.93333435;20.10000038;268.1949076
2011;71.11274989;7;26.80000114;18.26666705;434.0381107
2012;79.91824803;7;26.80000083;18.66666698;560.3489619
2013;69.97941608;7;43.4666659;24.63333321;208.7498321
2014;64.76900259;7;34.43333308;27.20000013;446.3543576
2015;73.36387996;7;57.06666819;33.46666718;585.3770948
2016;80.58354467;7;16.50000016;17.86666663;384.0185118
2017;75.55649415;7;56.8333346;37.26666768;151.7698875
2018;65.93153381;7;42.50000064;30.76666768;NA
2019;71.05280144;7;33.06666756;32.30000114;NA
2020;74.93617171;7;34.83333397;22.23333359;NA
1900;64.09423897;3;NA;NA;809.3045518
1901;55.715892;3;39.83333524;23.6666673;810.1968658
1902;62.54803167;3;41.90000025;26.73333359;674.8775821
1903;59.58544601;3;28.36666711;17.00000032;773.9356505
1904;63.78895229;3;33.56666724;14.23333327;922.5064441
1905;57.62831368;3;39.53333346;28.56666629;897.3969457
1906;62.71346635;3;22.49999974;14.9;853.5391314
1907;60.45197354;3;18.26666705;17.46666718;784.5988828
1908;58.22662419;3;47.76666737;19.80000019;918.7387793
1909;66.36856577;3;27.10000102;12.80000019;758.1542301
1910;62.00582835;3;26.50000032;16.66666698;766.1169825
1911;66.79678938;3;39.3333346;21.90000025;812.4133156
1912;66.90473372;3;28.76666673;20.00000032;733.9163726
1913;64.52560134;3;30.43333324;18.00000016;792.9799375
1914;56.72007662;3;39.6666673;23.5333341;814.426826
1915;56.45402599;3;33.0333341;22.86666679;935.7093289
1916;57.13598085;3;14.66666683;16.80000035;1002.401004
1917;60.90158483;3;28.99999968;15.16666698;898.093087
1918;62.21082502;3;14.79999987;13.26666641;711.4493898
1919;56.47994106;3;26.7000006;17.46666702;741.5556022
1920;53.72717959;3;36.23333295;21.16666667;1022.424378
1921;62.66414616;3;32.26666705;25;750.2750192
1922;54.35351393;3;40.10000102;20.56666692;664.3378387
1923;56.8303647;3;30.33333492;32.03333505;407.7035731
1924;61.75238401;3;12.80000051;12.43333371;477.2107227
1925;60.17154633;3;34.1666673;26.76666768;647.3948347
1926;57.02869534;3;21.83333365;17.23333359;566.0196284
1927;57.41133428;3;44.10000038;24.26666705;815.7993801
1928;67.44978269;3;24.13333384;21.50000064;599.5916472
1929;57.82697348;3;39.50000032;17.30000019;397.8115935
1930;59.32408445;3;49.20000045;20.26666673;658.4536707
1931;60.09438235;3;26.93333371;24.86666679;683.9540517
1932;55.5766517;3;63.9000028;42.43333467;814.9949177
1933;56.3356314;3;49.90000025;23.20000076;882.6165808
1934;64.64154798;3;31.89999962;23.59999975;709.2148451
1935;69.44894743;3;32.56666692;26.03333346;580.7818623
1936;57.37395264;3;48.30000114;27.56666724;575.6991126
1937;63.13974761;3;38.36666807;17.46666718;771.8084248
1938;66.48265097;3;28.46666654;21.26666705;772.2580542
1939;62.22844241;3;54.26666705;30.36666775;809.9064503
1940;61.99299287;3;61.09999975;32.50000064;990.8417155
1941;60.32749345;3;51.36666743;34.86666679;849.4894063
1942;63.83258163;3;47.93333308;37.66666667;800.4093976
1943;61.57978202;3;37.63333321;36.13333321;645.8411459
1944;61.7950333;3;31.70000045;20.63333352;952.630206
1945;52.65589581;3;41.43333371;33.60000038;387.8453569
1946;67.89349723;3;19.56666724;15.70000045;745.4796109
1947;54.47943357;3;29.63333384;26.63333384;1052.918087
1948;57.54287757;3;21.16666667;20.80000051;1386.634658
1949;62.02583186;3;38.86666807;27.6666673;1520.352947
1950;62.77710247;3;34.96666781;29.06666692;1221.020812
1951;57.71555977;3;45.30000051;29.60000038;1152.981579
1952;56.14110096;3;52.70000013;49.80000051;1638.855436
1953;63.45398008;3;49.66666857;15.43333371;1888.458579
1954;62.29999795;3;33.03333346;20.63333384;1244.94647
1955;59.25910717;3;50.73333486;29.40000089;1624.281793
1956;62.4159845;3;28.33333365;23.70000013;1489.394678
1957;56.51257031;3;39.2000006;11.73333343;1292.16472
1958;64.97674046;3;41.83333397;27.93333435;1780.081577
1959;64.12828811;3;44.46666781;28.09999975;1726.092317
1960;66.79445404;3;30.23333422;23.13333448;1330.379719
1961;68.37029219;3;36.30000051;30.26666705;1432.761532
1962;67.36041298;3;15.96666749;13.83333365;1193.10185
1963;60.16590276;3;51.80000051;32.20000076;1044.808627
1964;69.28526886;3;22.39999978;13.30000003;1631.941004
1965;72.0098017;3;17.73333359;15.43333371;1108.526058
1966;61.0578833;3;32.66666667;21.60000038;910.8073061
1967;62.71879884;3;17.63333384;15.00000032;1144.035158
1968;59.71005761;3;37.09999975;29.63333321;804.2994494
1969;57.23512241;3;34.43333371;18.53333346;1149.213942
1970;64.06023083;3;36.10000102;21.06666692;1421.082173
1971;68.03072052;3;42.93333499;24.90000025;1289.639022
1972;65.96121569;3;44.36666679;26.83333397;1251.004492
1973;76.09294213;3;53.80000114;27.83333397;1694.71802
1974;64.86270124;3;46.30000178;37.00000127;1320.756598
1975;70.12564763;3;30.30000114;23.33333397;1151.516153
1976;63.64318129;3;43.43333371;41.76666705;776.3556372
1977;66.82736081;3;68.30000114;35.40000025;904.6279696
1978;62.38687119;3;22.79999971;12.4666667;1216.819126
1979;60.06759977;3;34.79999987;28.86666679;776.703424
1980;62.73731521;3;43.06666629;22.80000019;1037.645706
1981;68.01340433;3;28.1666673;23.50000064;892.075166
1982;67.87721897;3;36.13333448;33.16666794;964.6459007
1983;69.12626568;3;60.60000229;55.10000165;793.5887866
1984;57.39039189;3;22.10000086;13.19999997;747.0684946
1985;66.14334254;3;29.36666791;21.46666765;1077.020079
1986;64.7436146;3;16.86666727;12.16666714;988.3665852
1987;60.15377269;3;35.23333327;27.73333327;470.0310755
1988;64.61770733;3;51.90000089;18.20000076;1568.507547
1989;72.52283037;3;25.93333371;26.06666756;1421.774694
1990;70.70737553;3;38.6666673;24.76666705;1566.938939
1991;69.15642821;3;14.20000013;13.29999987;1237.402352
1992;64.77938107;3;56.13333448;27.86666679;1038.697995
1993;71.72664979;3;21.96666702;16.56666676;1284.524316
1994;71.77868755;3;21.43333308;18.36666679;1066.67226
1995;72.94981817;3;33.63333321;21.66666667;390.847973
1996;63.44693078;3;33.93333435;30.86666743;829.2477577
1997;61.12322303;3;72.50000254;49.96666908;1131.5313
1998;70.0441225;3;26.20000076;22.50000127;1327.700255
1999;67.16032924;3;32.90000153;28.20000076;577.7572127
2000;69.00148688;3;26.6666673;21.46666718;1086.459029
2001;64.78118745;3;23.66666762;25.8333346;909.2963004
2002;68.80031954;3;53.63333257;41.03333282;969.9643468
2003;77.4336094;3;27.5666674;21.99999984;1397.371083
2004;65.46264081;3;32.43333435;29.70000076;918.338826
2005;68.40207817;3;24.03333314;16.9333334;1174.214504
2006;61.73621591;3;39.40000025;21.73333359;1247.151261
2007;68.98046016;3;29.60000086;18.86666727;1604.772154
2008;69.29232051;3;35.9333334;20.23333327;1465.307647
2009;66.72059848;3;20.59999975;18.13333321;1420.825189
2010;67.3661008;3;37.93333435;20.10000038;616.7365264
2011;72.7161789;3;26.80000114;18.26666705;1292.826303
2012;81.95509164;3;26.80000083;18.66666698;1424.712255
2013;64.93856601;3;43.4666659;24.63333321;483.9198295
2014;72.42897771;3;34.43333308;27.20000013;1214.0995
2015;80.64008164;3;57.06666819;33.46666718;1700.138506
2016;75.46092198;3;16.50000016;17.86666663;804.8120048
2017;71.07974443;3;56.8333346;37.26666768;314.6759009
2018;83.47162585;3;42.50000064;30.76666768;NA
2019;83.86633933;3;33.06666756;32.30000114;NA
2020;88.35278802;3;34.83333397;22.23333359;NA
